algorithm,input_type,n,avg_time_ms,comparisons,moves
Insertion,Random,100,0.003900,2531,2633
Merge,Random,100,0.004600,545,1344
Heap,Random,100,0.003900,1022,1749
Insertion,Random,1000,0.169600,255147,256152
Merge,Random,1000,0.033300,8694,19952
Heap,Random,1000,0.037200,16813,27198
Insertion,Random,5000,4.182000,6252863,6257870
Merge,Random,5000,0.310700,55269,123616
Heap,Random,5000,0.332900,107618,171390
Insertion,Random,10000,19.471300,25222903,25232913
Merge,Random,10000,0.751400,120536,267232
Heap,Random,10000,0.745600,235276,372267
Insertion,Sorted,100,0.001900,99,198
Merge,Sorted,100,0.005200,356,1344
Heap,Sorted,100,0.004400,1081,1920
Insertion,Sorted,1000,0.004400,999,1998
Merge,Sorted,1000,0.030800,5044,19952
Heap,Sorted,1000,0.051900,17583,29124
Insertion,Sorted,5000,0.016500,4999,9998
Merge,Sorted,5000,0.155500,32004,123616
Heap,Sorted,5000,0.355500,112126,182796
Insertion,Sorted,10000,0.031500,9999,19998
Merge,Sorted,10000,0.336500,69008,267232
Heap,Sorted,10000,0.680100,244460,395868
Insertion,Reverse,100,0.006800,4950,5148
Merge,Reverse,100,0.004000,316,1344
Heap,Reverse,100,0.003800,944,1548
Insertion,Reverse,1000,0.322100,499500,501498
Merge,Reverse,1000,0.021800,4932,19952
Heap,Reverse,1000,0.028500,15965,24948
Insertion,Reverse,5000,9.785300,12497500,12507498
Merge,Reverse,5000,0.156100,29804,123616
Heap,Reverse,5000,0.360600,103227,160308
Insertion,Reverse,10000,35.708400,49995000,50014998
Merge,Reverse,10000,0.194100,64608,267232
Heap,Reverse,10000,0.589000,226682,350088
